Customer_ID,Gender,Age_Group,Income_Group,Education_Level,Marital_Status,Customer_Job,Customer_Satisfaction_Score
1,F,20-30,Med,Graduate,Unknown,Selfemployed,3
2,M,20-30,High,Post-Graduate,Single,Selfemployed,1
3,F,20-30,Med,Uneducated,Single,White-collar,5
4,F,60+,Med,Post-Graduate,Married,Businessman,1
5,F,50-60,High,High School,Unknown,Blue-collar,4
6,M,60+,Low,Unknown,Married,Selfemployed,5
7,F,50-60,High,Unknown,Single,Selfemployed,5
8,F,60+,Low,Unknown,Single,Blue-collar,2
9,F,60+,High,Uneducated,Unknown,Retirees,4
10,M,40-50,High,Unknown,Single,Retirees,4
11,F,60+,Med,High School,Unknown,Businessman,5
12,F,30-40,Low,Post-Graduate,Married,White-collar,4
13,F,40-50,Med,Uneducated,Unknown,Selfemployed,5
14,F,60+,Low,Post-Graduate,Unknown,White-collar,2
15,M,20-30,High,Uneducated,Single,Retirees,5
16,F,30-40,High,Post-Graduate,Single,Retirees,4
17,M,30-40,Low,Graduate,Unknown,Govt,4
18,M,30-40,Med,Post-Graduate,Single,Businessman,5
19,M,40-50,Med,Unknown,Single,Govt,5
20,F,60+,Med,Graduate,Single,Govt,5
21,M,60+,Med,Post-Graduate,Unknown,Govt,3
22,F,20-30,High,Uneducated,Single,Businessman,4
23,M,20-30,High,Uneducated,Unknown,Businessman,4
24,M,30-40,High,Uneducated,Single,Blue-collar,3
25,M,20-30,High,Doctorate,Married,White-collar,5
26,M,40-50,High,High School,Single,White-collar,2
27,M,60+,Med,Uneducated,Single,Blue-collar,5
28,M,30-40,Med,Graduate,Unknown,Blue-collar,5
29,M,20-30,Med,Uneducated,Unknown,Retirees,3
30,M,40-50,Med,Doctorate,Single,Govt,4
31,F,40-50,High,Unknown,Married,Blue-collar,5
32,F,20-30,High,Graduate,Single,Selfemployed,4
33,M,60+,High,Doctorate,Single,White-collar,1
34,M,20-30,Low,Unknown,Married,Blue-collar,4
35,M,30-40,Med,Graduate,Unknown,Selfemployed,2
36,F,20-30,Med,Post-Graduate,Single,Selfemployed,2
37,M,40-50,High,High School,Unknown,Selfemployed,5
38,F,20-30,Med,High School,Unknown,Retirees,4
39,F,60+,Med,Doctorate,Married,Retirees,5
40,F,50-60,High,Unknown,Married,Selfemployed,3
41,F,20-30,Low,High School,Unknown,Retirees,2
42,F,60+,Low,Unknown,Single,Govt,5
43,M,60+,Low,Unknown,Unknown,Selfemployed,3
44,M,40-50,High,Doctorate,Single,Govt,5
45,M,60+,Med,Doctorate,Single,Govt,4
46,M,60+,High,Doctorate,Married,Selfemployed,4
47,M,60+,High,High School,Single,White-collar,4
48,F,60+,Med,Doctorate,Single,Selfemployed,4
49,M,30-40,Low,High School,Unknown,Selfemployed,1
50,M,30-40,Low,Doctorate,Married,Retirees,3
51,F,40-50,High,Uneducated,Single,Selfemployed,3
52,M,20-30,Low,Unknown,Single,White-collar,4
53,F,60+,High,Doctorate,Married,Retirees,1
54,M,20-30,High,Graduate,Unknown,Businessman,4
55,F,20-30,Med,Unknown,Married,Businessman,1
56,M,40-50,Med,Unknown,Married,Govt,4
57,M,60+,Med,Doctorate,Single,Govt,2
58,F,60+,High,Post-Graduate,Single,White-collar,2
59,F,50-60,Med,Doctorate,Unknown,Blue-collar,5
60,F,20-30,Low,Unknown,Single,Businessman,4
61,F,20-30,Low,Graduate,Single,Govt,3
62,F,30-40,High,Unknown,Married,Businessman,5
63,F,50-60,High,Graduate,Single,White-collar,2
64,F,30-40,Med,High School,Unknown,White-collar,4
65,F,30-40,High,Uneducated,Married,Blue-collar,5
66,M,30-40,High,Unknown,Unknown,Blue-collar,4
67,M,40-50,Low,Doctorate,Married,Retirees,2
68,F,40-50,Low,High School,Single,White-collar,5
69,M,30-40,Med,Uneducated,Married,Govt,2
70,M,50-60,High,Doctorate,Married,Businessman,1
71,M,20-30,High,Post-Graduate,Single,Selfemployed,2
72,M,50-60,Low,Doctorate,Single,Blue-collar,4
73,F,60+,High,Graduate,Unknown,Selfemployed,3
74,M,40-50,Low,Graduate,Unknown,Govt,2
75,F,20-30,Med,Post-Graduate,Single,Blue-collar,3
76,M,20-30,Low,High School,Single,Selfemployed,1
77,M,60+,High,Uneducated,Single,Govt,5
78,M,60+,Med,Doctorate,Married,Businessman,5
79,F,30-40,Low,Graduate,Married,Govt,3
80,M,40-50,Low,High School,Married,Retirees,5
81,F,40-50,Med,Post-Graduate,Single,Blue-collar,2
82,M,50-60,Med,Unknown,Unknown,White-collar,3
83,F,30-40,Low,Graduate,Single,Businessman,4
84,M,30-40,High,Post-Graduate,Married,Selfemployed,2
85,F,30-40,Low,Doctorate,Married,Blue-collar,2
86,F,30-40,Med,Uneducated,Single,White-collar,2
87,M,40-50,Low,Graduate,Single,Govt,4
88,F,40-50,Med,Graduate,Married,White-collar,1
89,M,30-40,Med,Doctorate,Married,Blue-collar,5
90,M,50-60,High,Unknown,Married,Blue-collar,3
91,M,20-30,Med,High School,Single,Retirees,1
92,M,20-30,Med,Uneducated,Married,Retirees,3
93,M,50-60,High,Graduate,Married,White-collar,5
94,M,30-40,Med,Uneducated,Unknown,Govt,4
95,M,40-50,High,Graduate,Single,White-collar,2
96,M,20-30,High,Uneducated,Unknown,Blue-collar,2
97,M,60+,Med,Post-Graduate,Unknown,Blue-collar,4
98,M,60+,Med,Graduate,Married,Selfemployed,1
99,M,50-60,Low,Uneducated,Single,Retirees,1
100,F,30-40,High,High School,Married,Selfemployed,3
101,F,20-30,Low,Post-Graduate,Single,Businessman,4
102,M,30-40,Med,Post-Graduate,Unknown,Blue-collar,1
103,M,20-30,Low,High School,Single,Selfemployed,4
104,M,50-60,High,Uneducated,Married,White-collar,5
105,M,50-60,Low,Doctorate,Married,Retirees,2
106,M,60+,High,High School,Married,Retirees,2
107,M,30-40,Med,Uneducated,Single,Govt,2
108,M,60+,Med,High School,Unknown,White-collar,4
109,M,30-40,High,High School,Unknown,Govt,4
110,F,60+,Med,Graduate,Single,Selfemployed,3
111,M,40-50,Med,Uneducated,Married,Businessman,2
112,F,40-50,Med,Doctorate,Unknown,White-collar,3
113,M,40-50,Med,Graduate,Married,White-collar,2
114,M,40-50,High,High School,Single,White-collar,3
115,F,20-30,Low,Unknown,Married,Govt,3
116,M,40-50,Low,High School,Unknown,Selfemployed,5
117,F,50-60,Med,High School,Unknown,White-collar,3
118,M,50-60,Low,Uneducated,Married,White-collar,4
119,M,20-30,Low,Uneducated,Single,Retirees,3
120,F,40-50,Med,Graduate,Married,Businessman,2
121,M,40-50,Med,Doctorate,Single,Retirees,3
122,F,40-50,Low,Graduate,Married,Retirees,1
123,M,60+,High,Post-Graduate,Unknown,Businessman,2
124,F,30-40,Med,High School,Single,Selfemployed,1
125,F,60+,High,Unknown,Single,Retirees,2
126,M,30-40,Low,High School,Single,Selfemployed,4
127,M,40-50,Med,High School,Unknown,Retirees,4
128,F,40-50,High,Graduate,Married,Blue-collar,4
129,M,60+,Med,Unknown,Unknown,Businessman,1
130,M,60+,Low,Unknown,Single,Retirees,5
131,M,30-40,High,Unknown,Married,Blue-collar,2
132,F,50-60,Low,Graduate,Unknown,Govt,4
133,F,30-40,Low,High School,Single,Blue-collar,2
134,F,60+,Med,Graduate,Single,White-collar,1
135,F,60+,High,Uneducated,Unknown,Retirees,5
136,F,20-30,Low,Uneducated,Unknown,Blue-collar,1
137,F,60+,Low,Graduate,Unknown,Selfemployed,2
138,F,20-30,High,Unknown,Single,Govt,5
139,F,50-60,Low,High School,Unknown,Retirees,5
140,F,30-40,Low,Graduate,Single,White-collar,1
141,M,30-40,High,Graduate,Unknown,Blue-collar,4
142,F,20-30,High,Graduate,Single,Govt,2
143,M,30-40,High,Post-Graduate,Single,Retirees,3
144,M,60+,High,Uneducated,Married,Govt,3
145,M,40-50,Med,Unknown,Unknown,White-collar,1
146,F,20-30,High,Doctorate,Unknown,Blue-collar,2
147,F,30-40,Med,Unknown,Single,Govt,2
148,F,20-30,Med,Doctorate,Single,Govt,1
149,F,20-30,Med,Post-Graduate,Single,Businessman,2
150,M,40-50,Low,Graduate,Married,Govt,4
151,F,60+,Med,Post-Graduate,Married,Businessman,1
152,F,20-30,Med,Post-Graduate,Single,Blue-collar,4
153,F,30-40,Low,High School,Unknown,Retirees,2
154,F,50-60,Low,Uneducated,Unknown,Retirees,1
155,F,20-30,Low,Doctorate,Married,Blue-collar,2
156,M,20-30,High,Graduate,Married,Blue-collar,1
157,F,40-50,Low,Doctorate,Single,Selfemployed,2
158,M,60+,Low,Unknown,Unknown,Blue-collar,4
159,F,50-60,Med,Doctorate,Single,Govt,4
160,M,30-40,Low,Unknown,Married,Retirees,2
161,F,50-60,High,Uneducated,Unknown,White-collar,1
162,F,30-40,Low,Unknown,Unknown,Retirees,3
163,M,60+,High,Doctorate,Married,Businessman,4
164,M,30-40,Low,Doctorate,Single,Retirees,4
165,M,40-50,Low,Unknown,Single,Selfemployed,3
166,F,40-50,Low,Post-Graduate,Unknown,Blue-collar,2
167,M,40-50,Low,Uneducated,Married,Blue-collar,1
168,F,40-50,High,High School,Unknown,Retirees,2
169,F,50-60,High,Graduate,Married,White-collar,5
170,M,60+,Med,Doctorate,Single,White-collar,4
171,M,30-40,High,Graduate,Married,Selfemployed,5
172,F,30-40,Low,High School,Single,Businessman,4
173,F,40-50,Med,Graduate,Married,Retirees,4
174,M,40-50,Med,High School,Unknown,Blue-collar,5
175,M,20-30,Med,Unknown,Single,Retirees,5
176,M,60+,Low,Post-Graduate,Unknown,Selfemployed,2
177,F,50-60,High,Doctorate,Unknown,Govt,5
178,F,30-40,Low,High School,Single,Govt,2
179,F,20-30,Med,Graduate,Single,Selfemployed,2
180,F,20-30,Low,Doctorate,Unknown,Blue-collar,2
181,F,30-40,Low,Post-Graduate,Unknown,Selfemployed,4
182,F,50-60,High,Unknown,Unknown,Blue-collar,4
183,M,20-30,High,Doctorate,Unknown,White-collar,5
184,F,20-30,Med,High School,Single,Selfemployed,4
185,F,60+,Low,Post-Graduate,Single,Blue-collar,5
186,F,50-60,Low,Graduate,Unknown,Selfemployed,4
187,M,20-30,High,Post-Graduate,Married,Selfemployed,1
188,F,50-60,Low,Post-Graduate,Married,Blue-collar,1
189,F,30-40,Low,Uneducated,Single,Blue-collar,5
190,M,40-50,Low,Post-Graduate,Unknown,Businessman,4
191,F,20-30,High,Post-Graduate,Unknown,Selfemployed,4
192,F,60+,Med,Doctorate,Single,Govt,2
193,F,30-40,Med,Graduate,Married,Selfemployed,3
194,F,50-60,Low,Doctorate,Married,Selfemployed,5
195,F,30-40,Med,Doctorate,Married,Blue-collar,3
196,M,20-30,High,High School,Single,Selfemployed,3
197,M,50-60,High,Doctorate,Married,Retirees,5
198,M,40-50,Med,Uneducated,Single,Selfemployed,4
199,F,30-40,Med,Uneducated,Single,Retirees,5
200,F,20-30,Low,High School,Unknown,Govt,3
201,F,60+,Med,Unknown,Married,Blue-collar,4
202,M,50-60,Low,Graduate,Single,Selfemployed,1
203,F,30-40,Low,Graduate,Married,Retirees,5
204,F,30-40,High,Doctorate,Married,Retirees,5
205,M,40-50,High,Doctorate,Unknown,Retirees,4
206,F,40-50,High,Unknown,Married,White-collar,1
207,M,60+,High,Doctorate,Unknown,Businessman,1
208,M,60+,Med,Graduate,Single,Govt,4
209,M,20-30,High,Post-Graduate,Married,Selfemployed,2
210,F,20-30,Med,Uneducated,Single,White-collar,5
211,F,60+,High,Post-Graduate,Married,Selfemployed,5
212,F,60+,Med,Post-Graduate,Single,Selfemployed,3
213,F,50-60,Low,Graduate,Married,Blue-collar,4
214,F,40-50,Med,Post-Graduate,Married,Blue-collar,3
215,F,20-30,Med,Unknown,Married,Blue-collar,3
216,F,40-50,High,High School,Married,White-collar,1
217,M,40-50,Med,Doctorate,Married,Selfemployed,5
218,F,60+,Low,High School,Married,Businessman,3
219,M,50-60,Low,Uneducated,Married,Govt,1
220,F,30-40,High,Doctorate,Married,Blue-collar,4
221,F,50-60,Low,Post-Graduate,Married,Blue-collar,3
222,F,50-60,Med,Uneducated,Single,Selfemployed,5
223,M,40-50,Low,Doctorate,Unknown,Selfemployed,3
224,M,50-60,High,Unknown,Married,White-collar,4
225,M,20-30,Med,Unknown,Unknown,White-collar,3
226,M,40-50,High,Unknown,Married,Blue-collar,5
227,F,20-30,Med,Unknown,Married,Selfemployed,1
228,M,30-40,Low,Post-Graduate,Single,Businessman,5
229,F,40-50,High,High School,Single,Govt,1
230,F,30-40,High,Doctorate,Unknown,Selfemployed,2
231,M,40-50,Med,Post-Graduate,Single,Selfemployed,5
232,M,60+,High,Unknown,Single,Retirees,5
233,M,50-60,Med,High School,Unknown,White-collar,4
234,M,60+,Med,Uneducated,Single,Govt,3
235,M,30-40,Med,Uneducated,Married,Blue-collar,1
236,M,50-60,Med,Uneducated,Unknown,Selfemployed,1
237,M,40-50,Low,Unknown,Unknown,Blue-collar,4
238,M,50-60,Med,Uneducated,Married,Selfemployed,4
239,F,20-30,High,Graduate,Single,Blue-collar,3
240,M,50-60,Low,Doctorate,Unknown,Govt,3
241,M,20-30,High,Doctorate,Unknown,White-collar,5
242,F,50-60,Low,Unknown,Married,Govt,2
243,M,20-30,Med,Graduate,Married,Retirees,3
244,F,30-40,Low,Post-Graduate,Single,Businessman,4
245,F,60+,Low,Post-Graduate,Unknown,White-collar,3
246,M,40-50,High,Uneducated,Single,Govt,1
247,F,50-60,High,High School,Single,Retirees,2
248,F,60+,Med,Post-Graduate,Married,Businessman,5
249,F,40-50,Low,High School,Unknown,Retirees,1
250,F,40-50,Low,Doctorate,Unknown,Selfemployed,1
251,M,20-30,Low,High School,Unknown,Selfemployed,2
252,F,30-40,Med,Doctorate,Married,Blue-collar,5
253,M,30-40,Med,Graduate,Married,White-collar,4
254,F,60+,Med,Graduate,Married,Selfemployed,5
255,F,30-40,Med,Unknown,Married,Retirees,3
256,F,50-60,Med,Unknown,Married,White-collar,1
257,F,30-40,High,Uneducated,Unknown,Selfemployed,3
258,M,60+,Low,Post-Graduate,Single,Blue-collar,4
259,M,30-40,Low,Uneducated,Unknown,Govt,3
260,F,50-60,Low,Doctorate,Single,Blue-collar,5
261,F,20-30,Low,Uneducated,Married,Businessman,3
262,M,60+,Low,High School,Single,Selfemployed,4
263,F,20-30,Low,Doctorate,Unknown,Businessman,4
264,F,20-30,Low,Unknown,Unknown,Businessman,4
265,F,20-30,Low,Graduate,Single,Retirees,5
266,M,40-50,High,Unknown,Married,White-collar,4
267,M,40-50,Low,Post-Graduate,Married,Retirees,1
268,M,20-30,High,Doctorate,Unknown,Selfemployed,4
269,F,60+,Med,Doctorate,Single,Businessman,3
270,F,50-60,Low,High School,Married,Govt,3
271,M,50-60,Med,Post-Graduate,Married,Businessman,3
272,M,30-40,Med,Graduate,Unknown,Govt,5
273,M,60+,Med,Doctorate,Married,Retirees,3
274,M,40-50,High,Doctorate,Single,Retirees,5
275,F,20-30,Med,High School,Unknown,White-collar,5
276,M,30-40,Med,Uneducated,Unknown,Businessman,4
277,F,50-60,Med,Graduate,Single,Blue-collar,1
278,M,40-50,Low,Unknown,Unknown,Retirees,4
279,F,40-50,Low,Post-Graduate,Married,Retirees,4
280,M,20-30,High,Doctorate,Married,White-collar,5
281,M,50-60,High,Doctorate,Single,Govt,5
282,M,60+,Low,Unknown,Married,White-collar,3
283,M,40-50,High,Graduate,Single,Businessman,3
284,F,20-30,Low,Uneducated,Single,Selfemployed,4
285,M,60+,Med,Doctorate,Married,Selfemployed,2
286,F,50-60,Med,Graduate,Single,Govt,2
287,F,40-50,High,Unknown,Married,Retirees,3
288,F,60+,Low,High School,Unknown,Govt,2
289,F,60+,Low,Uneducated,Unknown,Retirees,3
290,M,60+,High,Post-Graduate,Single,Retirees,5
291,F,40-50,Low,Doctorate,Married,Selfemployed,4
292,F,40-50,Med,Graduate,Married,Govt,1
293,F,30-40,High,High School,Unknown,White-collar,4
294,M,50-60,High,Post-Graduate,Unknown,Retirees,3
295,M,20-30,Low,Graduate,Married,Blue-collar,3
296,M,60+,High,Graduate,Single,Blue-collar,4
297,M,30-40,Low,Post-Graduate,Unknown,White-collar,3
298,F,20-30,Low,High School,Single,Blue-collar,2
299,F,30-40,Low,Unknown,Single,Businessman,2
300,M,40-50,Low,High School,Unknown,Retirees,3
301,F,60+,Low,Uneducated,Single,White-collar,3
302,F,20-30,High,Doctorate,Single,Govt,2
303,F,20-30,Med,Post-Graduate,Married,Retirees,3
304,M,20-30,Med,Unknown,Single,White-collar,3
305,M,20-30,High,Post-Graduate,Married,Selfemployed,4
306,F,20-30,High,Post-Graduate,Unknown,Govt,1
307,M,30-40,Med,High School,Unknown,Selfemployed,2
308,M,60+,Med,Doctorate,Married,Retirees,4
309,M,40-50,Med,Uneducated,Unknown,Govt,1
310,M,40-50,Med,Graduate,Single,Blue-collar,3
311,M,40-50,Med,Graduate,Single,White-collar,3
312,F,40-50,Low,Post-Graduate,Single,Retirees,4
313,M,30-40,High,Doctorate,Unknown,Businessman,3
314,F,50-60,Low,Unknown,Single,Govt,5
315,F,60+,Med,High School,Unknown,Govt,4
316,M,20-30,Med,Doctorate,Single,Retirees,1
317,F,50-60,Med,Doctorate,Married,Retirees,4
318,F,40-50,Low,High School,Unknown,Selfemployed,2
319,F,50-60,Low,Post-Graduate,Unknown,Blue-collar,4
320,M,60+,Med,Doctorate,Single,Selfemployed,3
321,M,20-30,Low,Graduate,Unknown,Selfemployed,3
322,F,20-30,Low,High School,Unknown,Blue-collar,5
323,M,60+,Med,Unknown,Married,Businessman,5
324,M,60+,Low,Uneducated,Married,Selfemployed,5
325,M,40-50,High,Post-Graduate,Single,Selfemployed,1
326,M,20-30,High,High School,Married,Govt,5
327,F,50-60,High,Uneducated,Single,Blue-collar,1
328,F,30-40,High,Uneducated,Single,White-collar,5
329,M,30-40,Med,Unknown,Single,Businessman,1
330,M,60+,Med,Doctorate,Unknown,Businessman,4
331,F,40-50,Med,Unknown,Married,Blue-collar,4
332,F,30-40,High,Doctorate,Single,Retirees,3
333,M,20-30,High,Doctorate,Married,Retirees,1
334,F,60+,Low,High School,Single,Govt,2
335,M,50-60,Low,High School,Married,Govt,3
336,M,60+,High,Post-Graduate,Married,Blue-collar,4
337,F,50-60,High,Doctorate,Single,Govt,1
338,F,60+,High,Uneducated,Unknown,Businessman,5
339,M,60+,High,Graduate,Married,Businessman,2
340,M,60+,Low,Post-Graduate,Unknown,White-collar,4
341,F,50-60,High,High School,Unknown,Retirees,3
342,M,50-60,Low,Unknown,Single,Blue-collar,1
343,F,60+,High,Post-Graduate,Single,Selfemployed,2
344,M,30-40,High,Post-Graduate,Single,Retirees,1
345,F,40-50,High,Post-Graduate,Married,Selfemployed,5
346,F,40-50,Low,Post-Graduate,Single,White-collar,3
347,F,40-50,Low,Graduate,Single,White-collar,1
348,M,50-60,Med,Unknown,Married,Govt,4
349,M,50-60,High,Unknown,Married,White-collar,3
350,F,30-40,Med,Unknown,Single,White-collar,4
351,M,40-50,Med,Doctorate,Single,Selfemployed,1
352,F,40-50,Low,Uneducated,Single,Govt,3
353,F,60+,Low,Unknown,Single,White-collar,4
354,M,50-60,Med,Post-Graduate,Unknown,Retirees,5
355,M,40-50,High,Post-Graduate,Unknown,White-collar,5
356,F,30-40,Low,Unknown,Single,Govt,1
357,M,30-40,High,Unknown,Unknown,Blue-collar,3
358,M,40-50,High,Post-Graduate,Married,Govt,2
359,F,50-60,Med,Doctorate,Unknown,Selfemployed,3
360,F,30-40,Med,High School,Unknown,Blue-collar,5
361,M,60+,Med,High School,Single,Retirees,4
362,F,30-40,Med,Unknown,Unknown,Businessman,2
363,F,20-30,Low,Graduate,Unknown,Govt,1
364,M,20-30,Low,Unknown,Unknown,Selfemployed,2
365,F,50-60,Med,Unknown,Unknown,Retirees,1
366,F,40-50,Low,High School,Married,Blue-collar,2
367,M,50-60,Med,Post-Graduate,Single,Retirees,1
368,M,50-60,High,Unknown,Single,Govt,1
369,F,50-60,High,Post-Graduate,Married,White-collar,2
370,F,50-60,High,Post-Graduate,Unknown,Govt,2
371,M,60+,Med,Graduate,Married,Businessman,1
372,M,60+,High,Post-Graduate,Unknown,Govt,5
373,M,30-40,Low,High School,Married,Blue-collar,2
374,M,20-30,High,Doctorate,Single,Blue-collar,3
375,F,50-60,High,Doctorate,Single,Govt,4
376,M,30-40,High,Uneducated,Single,Blue-collar,1
377,M,20-30,Low,Unknown,Unknown,White-collar,1
378,F,40-50,Med,High School,Unknown,Retirees,4
379,M,60+,Low,Post-Graduate,Married,Govt,5
380,F,20-30,Med,Doctorate,Married,White-collar,4
381,M,40-50,Med,High School,Single,Retirees,2
382,M,20-30,High,Doctorate,Unknown,Retirees,4
383,M,60+,Med,Post-Graduate,Married,White-collar,1
384,F,60+,Low,Doctorate,Unknown,Selfemployed,4
385,F,30-40,Low,Unknown,Unknown,Govt,3
386,M,50-60,Med,Unknown,Single,Retirees,2
387,F,20-30,High,Uneducated,Single,Retirees,4
388,F,20-30,High,Uneducated,Unknown,Blue-collar,1
389,F,40-50,Low,Doctorate,Unknown,Retirees,2
390,F,60+,High,High School,Unknown,White-collar,1
391,F,20-30,Med,Unknown,Unknown,Retirees,5
392,F,60+,Med,High School,Single,Selfemployed,3
393,M,20-30,Low,High School,Married,Govt,5
394,M,30-40,Med,Doctorate,Single,Govt,3
395,F,50-60,Low,High School,Married,Retirees,4
396,M,20-30,Med,Unknown,Unknown,Businessman,2
397,M,60+,Low,Post-Graduate,Married,Businessman,4
398,M,30-40,High,Uneducated,Single,White-collar,3
399,M,20-30,Med,Post-Graduate,Single,Businessman,3
400,F,40-50,Med,High School,Unknown,White-collar,3
401,M,50-60,Low,Post-Graduate,Single,Blue-collar,1
402,M,20-30,Low,Unknown,Unknown,White-collar,2
403,F,30-40,Med,Unknown,Single,Businessman,4
404,F,40-50,Low,High School,Single,Retirees,4
405,M,30-40,Med,Doctorate,Unknown,Blue-collar,5
406,M,30-40,High,Post-Graduate,Married,Businessman,3
407,M,40-50,Low,Doctorate,Single,White-collar,3
408,M,30-40,Med,Doctorate,Married,Selfemployed,3
409,M,40-50,High,Graduate,Single,Govt,4
410,M,20-30,High,High School,Single,Businessman,5
411,F,40-50,Med,Uneducated,Single,White-collar,1
412,M,40-50,Low,Unknown,Single,Blue-collar,2
413,M,50-60,Med,Unknown,Married,Businessman,1
414,F,40-50,High,High School,Married,Businessman,4
415,F,40-50,Med,Uneducated,Single,Govt,3
416,F,20-30,Low,Unknown,Single,White-collar,2
417,F,50-60,High,High School,Married,Selfemployed,4
418,M,60+,Med,Unknown,Unknown,Blue-collar,4
419,M,20-30,Low,Doctorate,Unknown,White-collar,4
420,M,20-30,High,Post-Graduate,Married,Blue-collar,2
421,M,60+,Low,Post-Graduate,Single,Businessman,2
422,M,40-50,High,Unknown,Single,Govt,5
423,M,30-40,Med,Graduate,Unknown,Govt,5
424,F,50-60,Low,Uneducated,Unknown,Retirees,1
425,M,30-40,High,Uneducated,Married,Selfemployed,2
426,F,60+,Low,Uneducated,Unknown,Govt,2
427,F,20-30,Low,Doctorate,Married,Businessman,2
428,M,20-30,Med,Uneducated,Unknown,Selfemployed,5
429,F,50-60,Low,Post-Graduate,Unknown,White-collar,4
430,M,20-30,High,Doctorate,Unknown,Govt,3
431,F,20-30,High,High School,Single,Selfemployed,5
432,M,50-60,High,Uneducated,Single,Businessman,2
433,F,50-60,High,Uneducated,Single,Retirees,5
434,M,60+,Med,High School,Unknown,Blue-collar,1
435,M,20-30,Low,Uneducated,Married,Blue-collar,2
436,M,20-30,Med,High School,Married,Businessman,1
437,M,60+,Low,Doctorate,Married,Businessman,2
438,M,40-50,Low,Post-Graduate,Married,Blue-collar,5
439,F,40-50,Low,High School,Single,Retirees,4
440,F,40-50,Med,Graduate,Single,Selfemployed,3
441,F,60+,Low,High School,Unknown,Blue-collar,1
442,M,20-30,Med,Uneducated,Unknown,Businessman,5
443,F,60+,High,Doctorate,Married,Govt,4
444,M,60+,High,Unknown,Single,White-collar,5
445,M,40-50,Low,Doctorate,Married,Retirees,1
446,F,30-40,Med,Unknown,Unknown,Retirees,3
447,F,20-30,High,High School,Unknown,Govt,5
448,M,40-50,Med,Post-Graduate,Married,Govt,2
449,F,30-40,Med,Graduate,Unknown,Businessman,4
450,M,30-40,Low,Doctorate,Married,Blue-collar,5
451,M,50-60,High,Uneducated,Single,Selfemployed,4
452,M,20-30,Low,Unknown,Married,Retirees,2
453,M,30-40,Low,Uneducated,Single,Retirees,3
454,M,40-50,High,Post-Graduate,Single,Govt,3
455,F,50-60,High,Unknown,Unknown,Blue-collar,2
456,F,20-30,Med,Doctorate,Unknown,Retirees,4
457,M,60+,High,High School,Unknown,Selfemployed,5
458,M,40-50,Med,Uneducated,Married,Govt,2
459,F,30-40,Med,Post-Graduate,Married,Selfemployed,1
460,F,30-40,Med,Doctorate,Unknown,Blue-collar,4
461,M,40-50,High,Doctorate,Married,Retirees,3
462,F,30-40,Low,Doctorate,Unknown,White-collar,2
463,M,50-60,Med,Doctorate,Married,Retirees,3
464,F,20-30,Low,Unknown,Single,Blue-collar,4
465,M,50-60,Low,Doctorate,Single,Retirees,3
466,F,30-40,High,Uneducated,Unknown,Retirees,2
467,M,60+,Low,Post-Graduate,Married,Businessman,4
468,F,20-30,Low,Unknown,Married,Retirees,1
469,F,20-30,High,Doctorate,Single,Retirees,2
470,M,40-50,Med,Graduate,Single,Selfemployed,5
471,F,40-50,Low,Graduate,Unknown,White-collar,2
472,M,60+,High,Post-Graduate,Single,Selfemployed,4
473,F,20-30,Low,High School,Unknown,Selfemployed,2
474,M,60+,Low,High School,Single,Govt,1
475,F,40-50,Med,Unknown,Single,Businessman,1
476,M,40-50,Low,Unknown,Married,Selfemployed,5
477,F,20-30,High,Unknown,Single,Blue-collar,3
478,M,50-60,Low,High School,Single,Blue-collar,4
479,F,30-40,Med,Graduate,Unknown,Retirees,4
480,M,40-50,Med,High School,Single,Govt,3
481,M,40-50,High,Uneducated,Unknown,Businessman,1
482,M,50-60,Med,Doctorate,Single,Businessman,1
483,F,50-60,Low,Unknown,Single,Retirees,2
484,M,60+,Med,Graduate,Unknown,Blue-collar,5
485,F,60+,High,Post-Graduate,Married,White-collar,5
486,M,30-40,Med,Post-Graduate,Unknown,Govt,5
487,F,30-40,Med,Doctorate,Unknown,Retirees,2
488,M,20-30,Med,Graduate,Unknown,Govt,5
489,F,60+,High,High School,Married,Blue-collar,3
490,F,40-50,Med,High School,Single,Blue-collar,2
491,M,60+,Med,Uneducated,Unknown,White-collar,3
492,F,40-50,Low,Uneducated,Unknown,White-collar,2
493,F,50-60,High,High School,Married,Businessman,5
494,M,60+,Med,Post-Graduate,Unknown,Govt,3
495,F,50-60,High,Unknown,Single,Govt,3
496,F,30-40,Med,Post-Graduate,Married,Blue-collar,3
497,F,30-40,Med,Uneducated,Single,Businessman,2
498,M,20-30,Med,Doctorate,Single,Retirees,4
499,F,60+,Low,High School,Married,Govt,5
500,M,50-60,Low,Uneducated,Unknown,Businessman,3
501,F,40-50,Low,Uneducated,Single,Businessman,4
502,F,30-40,High,Unknown,Single,Blue-collar,5
503,F,30-40,High,High School,Single,Businessman,5
504,M,40-50,Low,Unknown,Single,White-collar,3
505,F,50-60,High,High School,Married,White-collar,3
506,F,50-60,Med,Unknown,Married,Selfemployed,2
507,M,60+,Med,Post-Graduate,Single,Blue-collar,4
508,F,60+,Med,Doctorate,Unknown,Retirees,4
509,M,20-30,Low,Doctorate,Single,Selfemployed,3
510,M,30-40,High,High School,Unknown,White-collar,5
511,F,60+,Low,Graduate,Single,Selfemployed,3
512,M,50-60,High,Uneducated,Unknown,Blue-collar,5
513,F,40-50,Med,Uneducated,Single,Blue-collar,5
514,M,50-60,Low,High School,Unknown,Businessman,3
515,M,30-40,High,Unknown,Single,Govt,1
516,F,50-60,High,Graduate,Single,Businessman,4
517,M,20-30,Med,Post-Graduate,Unknown,Blue-collar,5
518,M,30-40,Low,Unknown,Married,White-collar,5
519,M,40-50,Low,Unknown,Unknown,Retirees,1
520,M,20-30,Low,High School,Married,White-collar,2
521,M,30-40,Med,High School,Single,Businessman,1
522,F,40-50,Low,Uneducated,Unknown,Retirees,1
523,M,20-30,Med,High School,Unknown,Blue-collar,5
524,F,20-30,Med,High School,Unknown,White-collar,4
525,M,30-40,Med,High School,Married,Blue-collar,1
526,F,60+,High,Uneducated,Married,Retirees,2
527,F,20-30,Low,Post-Graduate,Single,Retirees,3
528,M,20-30,Low,Post-Graduate,Married,White-collar,1
529,M,40-50,Med,High School,Married,Blue-collar,1
530,M,50-60,Med,Uneducated,Single,Selfemployed,2
531,F,30-40,Low,Post-Graduate,Unknown,Blue-collar,4
532,M,30-40,Med,Unknown,Unknown,Retirees,1
533,F,60+,Low,Post-Graduate,Single,Blue-collar,1
534,F,60+,High,Post-Graduate,Unknown,Businessman,4
535,F,30-40,Med,Uneducated,Married,Selfemployed,2
536,M,60+,Low,Unknown,Single,Govt,1
537,M,40-50,Med,Uneducated,Single,Businessman,4
538,F,30-40,Low,High School,Single,Govt,1
539,F,60+,Low,Doctorate,Unknown,White-collar,3
540,M,30-40,Med,Post-Graduate,Single,Govt,5
541,F,50-60,High,Doctorate,Single,Blue-collar,3
542,M,20-30,Low,Uneducated,Single,Govt,1
543,F,30-40,Low,Uneducated,Unknown,Retirees,2
544,M,20-30,Low,Uneducated,Married,Businessman,5
545,F,60+,High,Doctorate,Single,Businessman,3
546,M,20-30,High,Uneducated,Married,Govt,4
547,F,30-40,Med,High School,Unknown,Businessman,2
548,M,50-60,High,Uneducated,Unknown,Retirees,3
549,M,60+,Med,Graduate,Unknown,Businessman,4
550,F,30-40,Med,Doctorate,Unknown,Govt,1
551,F,60+,High,Graduate,Married,Selfemployed,4
552,M,40-50,Med,Uneducated,Single,Selfemployed,3
553,F,20-30,High,High School,Unknown,White-collar,3
554,M,40-50,Med,Post-Graduate,Unknown,Businessman,1
555,F,30-40,High,Unknown,Married,Govt,4
556,M,50-60,High,Unknown,Married,Businessman,4
557,M,60+,Med,Uneducated,Unknown,Blue-collar,1
558,M,20-30,Low,High School,Single,Retirees,4
559,M,60+,Med,Doctorate,Single,Businessman,1
560,M,30-40,High,Graduate,Unknown,Businessman,2
561,M,60+,Low,Graduate,Married,Selfemployed,3
562,F,20-30,Med,Graduate,Unknown,Retirees,2
563,F,30-40,Med,Doctorate,Unknown,Govt,5
564,F,60+,Med,Unknown,Married,Businessman,5
565,M,50-60,Low,High School,Unknown,Selfemployed,5
566,M,30-40,High,Doctorate,Unknown,White-collar,1
567,M,30-40,Med,Graduate,Unknown,Retirees,4
568,M,50-60,Med,Uneducated,Married,Selfemployed,2
569,F,40-50,Med,Post-Graduate,Single,Selfemployed,2
570,F,20-30,Med,Doctorate,Single,Selfemployed,2
571,M,40-50,Med,Doctorate,Married,Businessman,2
572,F,60+,High,High School,Single,Businessman,5
573,F,50-60,High,High School,Unknown,White-collar,2
574,M,40-50,Med,Doctorate,Single,Blue-collar,4
575,F,30-40,Low,Graduate,Unknown,Blue-collar,5
576,M,60+,High,Post-Graduate,Single,Blue-collar,2
577,F,60+,Low,High School,Married,Retirees,1
578,M,40-50,High,Graduate,Single,Retirees,3
579,M,40-50,Med,Uneducated,Single,White-collar,3
580,M,50-60,High,High School,Single,Retirees,3
581,M,20-30,Med,Graduate,Married,Blue-collar,5
582,F,40-50,High,Graduate,Single,Blue-collar,2
583,M,40-50,Med,Post-Graduate,Married,Selfemployed,5
584,M,30-40,Med,Post-Graduate,Unknown,Retirees,4
585,M,60+,Med,Uneducated,Single,Businessman,1
586,F,20-30,Med,Graduate,Married,Businessman,1
587,M,30-40,Low,Unknown,Married,Selfemployed,3
588,F,50-60,Med,Graduate,Single,Selfemployed,3
589,M,50-60,Low,Post-Graduate,Unknown,Selfemployed,3
590,F,40-50,Low,Unknown,Married,Businessman,2
591,F,40-50,Med,High School,Single,Blue-collar,4
592,M,50-60,Low,High School,Unknown,Selfemployed,4
593,F,40-50,High,Doctorate,Married,White-collar,4
594,M,20-30,Med,Post-Graduate,Married,Selfemployed,4
595,M,40-50,Low,Doctorate,Unknown,Govt,3
596,M,60+,Med,Unknown,Unknown,Selfemployed,1
597,F,40-50,Med,Post-Graduate,Single,Businessman,3
598,F,30-40,Med,Uneducated,Single,Retirees,4
599,M,20-30,Low,Graduate,Married,Selfemployed,3
600,M,30-40,High,Uneducated,Unknown,Retirees,4
601,F,30-40,High,Unknown,Unknown,Govt,5
602,M,60+,Low,Post-Graduate,Unknown,White-collar,1
603,M,20-30,Med,Unknown,Married,Retirees,5
604,M,20-30,Low,Graduate,Unknown,Blue-collar,2
605,F,20-30,Low,High School,Unknown,Selfemployed,3
606,F,20-30,Low,High School,Married,Govt,2
607,F,20-30,Med,Unknown,Single,Govt,3
608,M,60+,Low,Doctorate,Single,Retirees,5
609,M,40-50,Med,Post-Graduate,Married,White-collar,4
610,M,30-40,Low,Post-Graduate,Unknown,Businessman,4
611,F,20-30,High,High School,Married,Selfemployed,3
612,M,40-50,Low,Uneducated,Single,Govt,4
613,M,40-50,Low,Graduate,Single,White-collar,5
614,M,30-40,High,Uneducated,Married,Blue-collar,4
615,M,60+,Med,Uneducated,Married,Govt,5
616,F,50-60,Med,Unknown,Single,White-collar,2
617,F,50-60,Low,High School,Married,Businessman,5
618,M,40-50,High,High School,Single,Businessman,1
619,F,30-40,Med,High School,Married,Govt,1
620,F,50-60,Low,Unknown,Married,Govt,1
621,M,40-50,High,Doctorate,Married,Retirees,3
622,M,60+,Med,Uneducated,Single,Selfemployed,3
623,F,50-60,Med,Unknown,Married,White-collar,3
624,M,40-50,High,Post-Graduate,Single,Govt,5
625,F,40-50,High,Graduate,Single,Selfemployed,3
626,M,20-30,High,Doctorate,Married,Retirees,2
627,F,60+,High,Post-Graduate,Married,Selfemployed,1
628,M,20-30,Low,Uneducated,Single,Govt,5
629,F,30-40,High,High School,Single,Businessman,1
630,F,20-30,Med,Uneducated,Unknown,White-collar,3
631,F,20-30,Med,Unknown,Single,White-collar,5
632,M,50-60,Low,Graduate,Unknown,Businessman,4
633,F,40-50,Med,Unknown,Unknown,Govt,2
634,F,60+,Med,Doctorate,Unknown,White-collar,3
635,M,20-30,High,Doctorate,Married,Govt,3
636,M,60+,Med,Graduate,Married,Retirees,2
637,F,20-30,Low,Post-Graduate,Single,Govt,2
638,F,30-40,High,Post-Graduate,Unknown,Selfemployed,4
639,M,20-30,High,Doctorate,Married,Businessman,3
640,M,50-60,Low,Doctorate,Married,Govt,3
641,M,40-50,High,High School,Married,Retirees,1
642,M,30-40,High,Post-Graduate,Married,Blue-collar,5
643,M,20-30,Low,Graduate,Married,Businessman,5
644,F,60+,High,Post-Graduate,Unknown,White-collar,1
645,M,30-40,Low,High School,Unknown,Selfemployed,5
646,F,30-40,Low,Unknown,Unknown,White-collar,2
647,F,20-30,Med,Doctorate,Unknown,Retirees,5
648,F,30-40,Med,Doctorate,Single,Retirees,5
649,M,60+,High,High School,Unknown,White-collar,1
650,F,30-40,High,Graduate,Married,Businessman,4
651,F,60+,Low,Doctorate,Unknown,White-collar,5
652,M,20-30,High,Uneducated,Single,Govt,5
653,F,40-50,Low,Doctorate,Married,White-collar,4
654,F,30-40,Low,Uneducated,Unknown,Selfemployed,1
655,M,40-50,High,High School,Unknown,Selfemployed,4
656,F,60+,Low,High School,Unknown,Blue-collar,1
657,F,30-40,Med,Doctorate,Married,Selfemployed,2
658,F,50-60,High,Post-Graduate,Married,White-collar,1
659,M,40-50,Med,Uneducated,Single,Selfemployed,2
660,M,30-40,High,Graduate,Married,Businessman,2
661,M,40-50,Low,Doctorate,Married,Selfemployed,1
662,F,30-40,High,Graduate,Unknown,Govt,3
663,F,20-30,Med,Doctorate,Married,Businessman,1
664,M,40-50,Low,Post-Graduate,Unknown,Blue-collar,5
665,F,50-60,High,Post-Graduate,Unknown,Govt,5
666,F,50-60,High,Post-Graduate,Married,White-collar,3
667,M,60+,High,Unknown,Single,White-collar,2
668,M,30-40,Med,Post-Graduate,Single,White-collar,3
669,F,40-50,Med,High School,Married,Govt,5
670,F,60+,High,High School,Single,Govt,3
671,F,40-50,Low,Unknown,Unknown,Govt,1
672,M,30-40,Low,Uneducated,Unknown,Businessman,3
673,M,50-60,Med,Graduate,Married,Retirees,2
674,M,20-30,Low,Doctorate,Single,Businessman,1
675,M,50-60,Med,Doctorate,Single,White-collar,4
676,F,60+,High,Unknown,Unknown,Retirees,5
677,M,20-30,Med,High School,Married,Selfemployed,5
678,M,60+,Med,Doctorate,Single,White-collar,3
679,M,30-40,High,High School,Married,Blue-collar,1
680,M,20-30,Low,Uneducated,Single,Businessman,4
681,M,60+,Med,Graduate,Unknown,Govt,1
682,F,30-40,Med,Uneducated,Unknown,Businessman,5
683,F,50-60,High,Unknown,Married,Govt,1
684,M,30-40,Low,Post-Graduate,Unknown,Retirees,4
685,F,40-50,Med,Post-Graduate,Single,Blue-collar,3
686,M,30-40,High,Post-Graduate,Unknown,Retirees,2
687,M,30-40,Med,Uneducated,Married,Blue-collar,1
688,F,40-50,High,Doctorate,Married,Businessman,2
689,F,60+,Low,Graduate,Married,Govt,5
690,M,60+,Low,Post-Graduate,Single,Retirees,3
691,M,30-40,Low,Unknown,Single,Blue-collar,3
692,M,40-50,Low,Unknown,Single,White-collar,1
693,F,40-50,Med,Post-Graduate,Single,White-collar,3
694,M,50-60,Med,Post-Graduate,Single,Retirees,1
695,M,60+,Low,Graduate,Unknown,Govt,1
696,M,20-30,Low,Post-Graduate,Single,Retirees,2
697,F,60+,Low,Graduate,Single,Businessman,3
698,M,60+,Med,Unknown,Unknown,Blue-collar,1
699,M,50-60,Low,Post-Graduate,Single,Businessman,2
700,F,20-30,Low,Uneducated,Married,White-collar,4
701,M,50-60,Low,Uneducated,Single,Blue-collar,2
702,M,20-30,High,Unknown,Single,Retirees,2
703,F,30-40,Low,Graduate,Married,Businessman,1
704,M,20-30,High,Uneducated,Married,Selfemployed,5
705,F,50-60,High,Graduate,Married,Govt,5
706,F,60+,Low,Uneducated,Married,Govt,5
707,M,20-30,High,Uneducated,Single,Selfemployed,2
708,M,20-30,Low,Graduate,Married,White-collar,1
709,M,40-50,Med,Doctorate,Married,Blue-collar,3
710,M,60+,Med,Uneducated,Unknown,Govt,2
711,F,30-40,Med,Post-Graduate,Married,Selfemployed,2
712,M,50-60,Med,Unknown,Married,Retirees,1
713,F,30-40,High,Doctorate,Unknown,Selfemployed,4
714,M,60+,Low,Graduate,Unknown,White-collar,2
715,M,20-30,Low,Doctorate,Single,White-collar,4
716,M,20-30,Low,High School,Unknown,Businessman,4
717,F,60+,Med,High School,Single,Govt,5
718,M,20-30,Med,Uneducated,Unknown,Businessman,1
719,M,20-30,Low,Uneducated,Unknown,Selfemployed,4
720,M,20-30,Med,Post-Graduate,Single,Blue-collar,1
721,M,50-60,Low,Unknown,Unknown,Blue-collar,5
722,F,50-60,Low,Doctorate,Single,White-collar,1
723,M,40-50,Low,High School,Unknown,Blue-collar,2
724,F,30-40,Low,Uneducated,Married,Blue-collar,4
725,F,60+,Low,Unknown,Unknown,Blue-collar,1
726,F,60+,Low,Doctorate,Single,Selfemployed,3
727,F,60+,Low,Uneducated,Unknown,Blue-collar,1
728,F,40-50,Med,Uneducated,Single,Retirees,4
729,F,50-60,Low,High School,Single,Blue-collar,5
730,M,40-50,Low,High School,Married,Blue-collar,5
731,F,60+,Med,Uneducated,Married,Businessman,4
732,F,30-40,Med,Graduate,Single,Selfemployed,2
733,F,20-30,Med,Uneducated,Unknown,White-collar,2
734,M,50-60,Low,Unknown,Single,Businessman,5
735,M,50-60,High,Uneducated,Single,Govt,5
736,F,40-50,High,Post-Graduate,Unknown,Selfemployed,4
737,M,50-60,Med,Post-Graduate,Unknown,Retirees,2
738,F,60+,High,Post-Graduate,Unknown,Selfemployed,5
739,F,60+,Med,Graduate,Unknown,Govt,2
740,M,40-50,Low,Graduate,Single,Govt,5
741,F,60+,High,Uneducated,Single,Govt,1
742,M,30-40,Low,Post-Graduate,Married,White-collar,3
743,M,40-50,High,Graduate,Single,Blue-collar,1
744,F,30-40,Low,High School,Unknown,Selfemployed,5
745,F,20-30,High,Uneducated,Married,Blue-collar,3
746,M,30-40,Low,Unknown,Unknown,Blue-collar,3
747,F,20-30,Low,Doctorate,Single,Retirees,5
748,F,20-30,High,Uneducated,Married,Govt,5
749,F,30-40,Low,Doctorate,Unknown,White-collar,2
750,M,40-50,Low,Post-Graduate,Married,Retirees,5
751,M,60+,Low,Doctorate,Married,Businessman,4
752,F,60+,High,Post-Graduate,Single,White-collar,5
753,M,20-30,High,High School,Unknown,Blue-collar,4
754,M,20-30,Low,Doctorate,Married,White-collar,5
755,M,40-50,Low,Uneducated,Married,Govt,2
756,M,50-60,High,Post-Graduate,Unknown,Businessman,4
757,M,30-40,High,Uneducated,Married,Govt,1
758,F,20-30,Low,Graduate,Married,Businessman,4
759,F,60+,Low,Post-Graduate,Married,Retirees,2
760,F,40-50,Low,Doctorate,Unknown,Blue-collar,4
761,M,30-40,Med,Post-Graduate,Unknown,Businessman,5
762,M,40-50,High,Uneducated,Unknown,Businessman,5
763,F,30-40,Med,High School,Unknown,Businessman,2
764,M,30-40,High,Post-Graduate,Single,White-collar,3
765,F,20-30,High,Doctorate,Married,Retirees,5
766,F,40-50,High,Graduate,Unknown,White-collar,1
767,F,40-50,High,Unknown,Married,Blue-collar,2
768,M,60+,High,High School,Married,Businessman,4
769,M,60+,High,Graduate,Single,Retirees,4
770,F,20-30,High,Post-Graduate,Unknown,Retirees,1
771,F,20-30,Med,Uneducated,Unknown,Selfemployed,5
772,F,50-60,Low,Uneducated,Married,Blue-collar,2
773,F,60+,Low,Doctorate,Unknown,Retirees,1
774,M,30-40,Med,Uneducated,Married,Businessman,5
775,M,40-50,Med,High School,Married,Businessman,2
776,F,20-30,Med,Uneducated,Single,Retirees,4
777,F,40-50,Med,Doctorate,Single,White-collar,2
778,M,40-50,High,Unknown,Single,Blue-collar,3
779,M,50-60,Low,Post-Graduate,Married,Businessman,2
780,F,60+,High,Post-Graduate,Unknown,Retirees,3
781,F,20-30,Low,Uneducated,Single,Businessman,2
782,F,40-50,Low,Graduate,Unknown,Retirees,3
783,M,20-30,Med,Post-Graduate,Single,Blue-collar,4
784,M,30-40,High,Unknown,Single,Retirees,5
785,M,50-60,Med,Uneducated,Married,Selfemployed,3
786,F,30-40,High,Doctorate,Single,Retirees,3
787,F,20-30,Low,Unknown,Single,Retirees,4
788,M,20-30,Med,Uneducated,Married,Blue-collar,3
789,M,60+,Med,Unknown,Unknown,Retirees,1
790,F,40-50,Low,Post-Graduate,Single,Blue-collar,4
791,M,40-50,Low,Doctorate,Married,Selfemployed,1
792,M,30-40,Low,Uneducated,Single,Blue-collar,4
793,F,50-60,Med,High School,Married,Businessman,3
794,M,40-50,High,Doctorate,Unknown,Blue-collar,1
795,F,60+,Med,High School,Unknown,Selfemployed,3
796,F,30-40,High,Unknown,Married,Govt,4
797,F,30-40,Med,Graduate,Married,Retirees,3
798,F,60+,Med,Doctorate,Married,Blue-collar,1
799,F,50-60,Low,Unknown,Unknown,Retirees,1
800,F,60+,High,High School,Single,White-collar,3
801,F,50-60,Med,Post-Graduate,Unknown,Businessman,2
802,M,60+,Med,Post-Graduate,Married,Businessman,4
803,F,60+,Low,Graduate,Married,White-collar,4
804,F,20-30,Low,Doctorate,Unknown,White-collar,3
805,M,30-40,High,Doctorate,Married,Blue-collar,2
806,M,60+,Med,Doctorate,Unknown,White-collar,1
807,M,60+,High,Unknown,Married,Govt,5
808,F,40-50,Med,Graduate,Single,Retirees,5
809,M,30-40,High,Doctorate,Single,Retirees,3
810,F,40-50,Low,Unknown,Married,Selfemployed,2
811,F,30-40,Med,Post-Graduate,Unknown,White-collar,2
812,F,40-50,High,High School,Single,White-collar,4
813,F,60+,Low,Unknown,Unknown,Govt,1
814,M,60+,Low,Post-Graduate,Married,Businessman,2
815,M,20-30,High,Post-Graduate,Unknown,Businessman,5
816,F,40-50,Med,High School,Single,Retirees,1
817,F,50-60,Med,Post-Graduate,Unknown,Retirees,1
818,F,20-30,Low,Graduate,Unknown,Blue-collar,3
819,M,40-50,Med,High School,Married,Govt,2
820,F,40-50,Med,Post-Graduate,Married,Selfemployed,3
821,F,20-30,Med,Uneducated,Married,Selfemployed,2
822,M,60+,Low,Unknown,Single,Govt,4
823,M,40-50,High,Post-Graduate,Single,Selfemployed,3
824,F,60+,Med,Graduate,Married,Businessman,3
825,M,20-30,Low,Doctorate,Married,Selfemployed,5
826,M,60+,Low,Post-Graduate,Single,Selfemployed,3
827,F,30-40,High,Doctorate,Single,Govt,2
828,M,50-60,Med,Uneducated,Single,Govt,5
829,F,40-50,Med,Post-Graduate,Single,Selfemployed,3
830,M,50-60,High,High School,Married,White-collar,3
831,F,60+,High,Doctorate,Single,Govt,4
832,F,40-50,Low,Uneducated,Married,Blue-collar,3
833,F,60+,Low,High School,Unknown,Blue-collar,1
834,M,30-40,High,High School,Unknown,Businessman,5
835,F,20-30,Med,High School,Single,Selfemployed,1
836,M,40-50,Low,High School,Unknown,White-collar,5
837,F,30-40,Low,Post-Graduate,Unknown,Businessman,4
838,F,30-40,Med,Unknown,Unknown,Selfemployed,3
839,M,40-50,Low,Post-Graduate,Single,Govt,3
840,F,60+,Med,Post-Graduate,Single,Blue-collar,3
841,F,30-40,Med,Uneducated,Unknown,Retirees,5
842,M,50-60,Med,Uneducated,Married,White-collar,3
843,F,30-40,High,Unknown,Unknown,Retirees,1
844,F,60+,High,Uneducated,Single,Blue-collar,3
845,F,60+,High,Graduate,Single,Retirees,4
846,F,50-60,Med,Unknown,Single,Govt,1
847,M,30-40,Med,Uneducated,Unknown,Selfemployed,3
848,M,60+,High,Unknown,Married,Govt,3
849,F,40-50,Low,Post-Graduate,Single,Retirees,2
850,M,20-30,Med,Post-Graduate,Single,Govt,5
851,F,20-30,Low,Unknown,Unknown,Blue-collar,1
852,M,20-30,Low,Graduate,Married,White-collar,2
853,F,30-40,Med,Graduate,Unknown,Govt,4
854,F,50-60,Med,Unknown,Single,Blue-collar,5
855,F,60+,Low,Uneducated,Married,White-collar,1
856,F,40-50,Low,Doctorate,Married,Selfemployed,3
857,F,40-50,High,Graduate,Single,Retirees,1
858,F,30-40,High,High School,Married,Selfemployed,3
859,M,20-30,Med,Post-Graduate,Married,Businessman,5
860,F,30-40,High,Unknown,Unknown,Blue-collar,3
861,M,50-60,High,High School,Single,White-collar,4
862,F,50-60,High,Unknown,Single,Govt,3
863,M,60+,High,Post-Graduate,Single,Selfemployed,4
864,M,60+,Low,Post-Graduate,Single,White-collar,5
865,M,50-60,Med,Graduate,Single,Blue-collar,5
866,F,50-60,High,Graduate,Married,Businessman,1
867,F,50-60,Low,High School,Unknown,Selfemployed,4
868,M,30-40,Low,Unknown,Single,Retirees,4
869,F,50-60,Low,Post-Graduate,Unknown,White-collar,2
870,M,40-50,High,High School,Unknown,Retirees,2
871,F,20-30,High,Doctorate,Married,White-collar,2
872,M,50-60,Med,High School,Single,White-collar,3
873,M,20-30,High,Uneducated,Married,Blue-collar,2
874,F,30-40,High,High School,Single,Blue-collar,4
875,M,20-30,Low,Uneducated,Married,Blue-collar,3
876,F,30-40,Med,Uneducated,Unknown,Govt,5
877,M,40-50,High,Uneducated,Single,White-collar,1
878,M,30-40,High,Doctorate,Unknown,Selfemployed,2
879,F,30-40,Low,High School,Unknown,Retirees,5
880,F,60+,Low,High School,Married,Blue-collar,4
881,F,50-60,High,Doctorate,Single,Blue-collar,1
882,M,50-60,Med,Post-Graduate,Unknown,Retirees,5
883,F,40-50,Med,Graduate,Married,Retirees,1
884,M,40-50,Low,High School,Single,White-collar,2
885,M,50-60,Low,Graduate,Single,Blue-collar,4
886,F,60+,High,Unknown,Unknown,Retirees,1
887,F,50-60,Low,Unknown,Single,Govt,5
888,M,60+,High,Doctorate,Unknown,Govt,2
889,M,40-50,Med,Unknown,Single,Blue-collar,2
890,F,20-30,Med,Unknown,Married,Retirees,5
891,F,40-50,High,Post-Graduate,Unknown,White-collar,5
892,F,40-50,Low,Post-Graduate,Unknown,White-collar,1
893,F,30-40,Med,Post-Graduate,Single,White-collar,3
894,F,30-40,Low,Unknown,Single,Businessman,2
895,M,30-40,Med,Doctorate,Unknown,Blue-collar,1
896,M,30-40,High,Uneducated,Single,White-collar,5
897,M,60+,High,Uneducated,Married,Govt,1
898,M,50-60,High,Graduate,Single,Retirees,5
899,F,20-30,Med,Uneducated,Married,Selfemployed,4
900,F,40-50,Low,Uneducated,Married,Selfemployed,5
901,F,60+,Low,Post-Graduate,Married,White-collar,5
902,M,20-30,Low,Post-Graduate,Married,Selfemployed,5
903,M,60+,Med,Unknown,Married,Selfemployed,3
904,F,60+,Med,Graduate,Single,Businessman,5
905,F,40-50,Med,High School,Married,Govt,2
906,M,50-60,Med,Graduate,Single,Govt,2
907,M,30-40,Med,Graduate,Married,Businessman,1
908,F,50-60,Low,Doctorate,Unknown,Businessman,3
909,F,40-50,Med,Unknown,Married,Selfemployed,1
910,M,40-50,Med,Doctorate,Unknown,Blue-collar,2
911,F,40-50,Low,Graduate,Married,Retirees,2
912,F,20-30,Med,Graduate,Married,Retirees,4
913,F,50-60,Low,Graduate,Married,Selfemployed,5
914,M,50-60,Low,Uneducated,Unknown,Retirees,2
915,M,60+,High,Doctorate,Unknown,Businessman,1
916,M,60+,High,Graduate,Married,Govt,1
917,M,60+,High,Post-Graduate,Single,Retirees,5
918,M,40-50,High,Unknown,Married,Selfemployed,5
919,M,50-60,Med,Unknown,Unknown,Blue-collar,4
920,M,40-50,High,Post-Graduate,Married,Selfemployed,3
921,F,20-30,Low,Unknown,Unknown,White-collar,1
922,F,60+,Med,Uneducated,Unknown,Selfemployed,5
923,F,40-50,High,Uneducated,Unknown,Businessman,1
924,F,40-50,Low,High School,Married,Govt,5
925,F,20-30,Med,High School,Unknown,Govt,2
926,F,30-40,Med,High School,Unknown,Retirees,1
927,F,50-60,High,Unknown,Married,Businessman,2
928,M,30-40,Med,Uneducated,Unknown,White-collar,1
929,M,60+,Low,Uneducated,Married,Businessman,3
930,F,40-50,Med,Uneducated,Unknown,Selfemployed,4
931,F,20-30,Low,Post-Graduate,Single,Businessman,2
932,M,20-30,Med,Uneducated,Single,Businessman,5
933,F,50-60,High,Post-Graduate,Unknown,White-collar,3
934,F,30-40,Low,High School,Single,Selfemployed,1
935,M,50-60,Med,High School,Married,Blue-collar,2
936,F,40-50,Med,Unknown,Single,Blue-collar,1
937,M,50-60,Med,High School,Unknown,Govt,1
938,F,20-30,Low,Unknown,Unknown,Retirees,1
939,M,20-30,Low,Graduate,Married,Businessman,4
940,M,60+,Low,Graduate,Unknown,Govt,4
941,M,60+,High,Doctorate,Married,White-collar,5
942,F,40-50,High,Unknown,Single,Blue-collar,2
943,M,30-40,Low,Doctorate,Single,Businessman,3
944,F,50-60,Med,Doctorate,Married,White-collar,3
945,F,40-50,High,Graduate,Married,Retirees,3
946,F,60+,Low,Unknown,Unknown,White-collar,1
947,F,50-60,Med,Graduate,Single,Businessman,4
948,M,60+,High,Doctorate,Married,Retirees,2
949,M,50-60,Med,Unknown,Single,White-collar,1
950,F,30-40,Med,Doctorate,Married,Retirees,4
951,F,40-50,Med,Uneducated,Single,Businessman,4
952,M,50-60,Med,Unknown,Unknown,Businessman,2
953,F,20-30,High,Unknown,Single,Retirees,2
954,M,20-30,High,Doctorate,Single,Selfemployed,2
955,F,50-60,High,Uneducated,Single,Govt,1
956,F,50-60,Low,Post-Graduate,Single,White-collar,5
957,M,50-60,High,Graduate,Single,White-collar,2
958,F,20-30,Med,Doctorate,Unknown,Selfemployed,5
959,M,20-30,High,Unknown,Married,Selfemployed,1
960,F,50-60,Med,Graduate,Single,Selfemployed,5
961,F,60+,Low,Graduate,Unknown,Blue-collar,3
962,F,60+,Med,Graduate,Single,Blue-collar,5
963,M,30-40,Med,Post-Graduate,Single,Retirees,2
964,F,40-50,Med,High School,Married,Blue-collar,1
965,F,60+,Low,Doctorate,Single,Businessman,2
966,F,20-30,High,High School,Unknown,Retirees,3
967,F,60+,High,High School,Unknown,White-collar,2
968,M,30-40,Low,High School,Married,Govt,2
969,M,30-40,Med,Graduate,Single,Businessman,2
970,F,40-50,High,Uneducated,Unknown,White-collar,4
971,M,60+,Low,Graduate,Single,White-collar,3
972,F,20-30,High,Graduate,Single,Retirees,2
973,F,20-30,Low,Unknown,Single,Selfemployed,2
974,F,50-60,Med,Unknown,Married,Selfemployed,2
975,M,20-30,High,High School,Single,Businessman,1
976,M,40-50,Low,Graduate,Unknown,Selfemployed,4
977,M,40-50,High,High School,Single,White-collar,1
978,M,20-30,High,Unknown,Unknown,Selfemployed,4
979,M,20-30,High,Uneducated,Single,Blue-collar,2
980,M,50-60,High,Doctorate,Unknown,Selfemployed,3
981,M,20-30,Low,High School,Unknown,White-collar,5
982,M,50-60,Med,Uneducated,Single,Retirees,5
983,M,50-60,Low,Doctorate,Single,Businessman,2
984,F,20-30,Low,Post-Graduate,Unknown,Govt,1
985,M,30-40,Low,High School,Married,Selfemployed,3
986,M,30-40,Med,High School,Single,White-collar,4
987,M,50-60,High,Post-Graduate,Married,Govt,2
988,M,20-30,High,Post-Graduate,Single,Govt,3
989,M,30-40,High,High School,Single,Blue-collar,3
990,M,20-30,Med,Post-Graduate,Single,Govt,4
991,M,20-30,High,Graduate,Single,Retirees,3
992,M,20-30,Med,Doctorate,Married,White-collar,1
993,M,60+,High,Doctorate,Single,White-collar,1
994,M,20-30,High,Doctorate,Unknown,Selfemployed,1
995,M,60+,Low,Graduate,Unknown,Selfemployed,3
996,F,50-60,Med,Post-Graduate,Married,Selfemployed,1
997,F,30-40,Low,Uneducated,Single,Retirees,4
998,M,30-40,Low,Post-Graduate,Unknown,Govt,3
999,M,30-40,Low,High School,Married,Govt,5
1000,F,30-40,Med,Unknown,Single,Blue-collar,3
